{
    "india": [],
    "usa": [
        {
            "ticker": "AAPL",
            "entry": 332.0450134277344,
            "sl": 325.7200012207031,
            "target": 338.68591369628905
        }
    ]
}