{
    "india": [],
    "usa": [
        {
            "ticker": "AAPL",
            "entry": 299.6199951171875,
            "sl": 293.9700012207031,
            "target": 305.6123950195313
        }
    ]
}