{
    "india": [],
    "usa": [
        {
            "ticker": "AAPL",
            "entry": 302.010009765625,
            "sl": 289.19500732421875,
            "target": 308.0502099609375
        }
    ]
}