{
    "india": [
        {
            "ticker": "RELIANCE.NS",
            "entry": 1309.5999755859375,
            "sl": 1276.800048828125,
            "target": 1335.7919750976562
        }
    ],
    "usa": []
}