{
    "india": [],
    "usa": [
        {
            "ticker": "AAPL",
            "entry": 315.19000244140625,
            "sl": 305.0299987792969,
            "target": 321.4938024902344
        }
    ]
}