{
    "india": [
        {
            "ticker": "RELIANCE.NS",
            "entry": 1309.5999755859375,
            "sl": 1276.800048828125,
            "target": 1335.7919750976562
        }
    ],
    "usa": [
        {
            "ticker": "AAPL",
            "entry": 316.17999267578125,
            "sl": 308.1600036621094,
            "target": 322.5035925292969
        }
    ]
}