{
    "india": [],
    "usa": [
        {
            "ticker": "AAPL",
            "entry": 327.57000732421875,
            "sl": 313.1099853515625,
            "target": 334.1214074707031
        }
    ]
}