{
    "india": [],
    "usa": [
        {
            "ticker": "AAPL",
            "entry": 319.9599914550781,
            "sl": 312.1700134277344,
            "target": 326.3591912841797
        }
    ]
}