{
    "india": [],
    "usa": [
        {
            "ticker": "AAPL",
            "entry": 292.8500061035156,
            "sl": 280.69500732421875,
            "target": 298.7070062255859
        }
    ]
}