{
    "india": [],
    "usa": [
        {
            "ticker": "AAPL",
            "entry": 329.5299987792969,
            "sl": 317.32000732421875,
            "target": 336.1205987548828
        }
    ]
}