{
    "india": [],
    "usa": [
        {
            "ticker": "AAPL",
            "entry": 289.0899963378906,
            "sl": 279.8500061035156,
            "target": 294.8717962646484
        }
    ]
}