{
    "india": [],
    "usa": [
        {
            "ticker": "AAPL",
            "entry": 333.2699890136719,
            "sl": 325.7200012207031,
            "target": 339.9353887939453
        }
    ]
}