{
    "india": [],
    "usa": [
        {
            "ticker": "AAPL",
            "entry": 308.2200012207031,
            "sl": 292.70001220703125,
            "target": 314.3844012451172
        }
    ]
}