{
    "india": [],
    "usa": [
        {
            "ticker": "AAPL",
            "entry": 313.8299865722656,
            "sl": 309.6499938964844,
            "target": 320.10658630371097
        }
    ]
}