{
    "india": [],
    "usa": [
        {
            "ticker": "AAPL",
            "entry": 316.17999267578125,
            "sl": 308.1600036621094,
            "target": 322.5035925292969
        }
    ]
}