{
    "india": [],
    "usa": [
        {
            "ticker": "AAPL",
            "entry": 313.56500244140625,
            "sl": 293.67999267578125,
            "target": 319.8363024902344
        }
    ]
}