{
    "india": [
        {
            "ticker": "RELIANCE.NS",
            "entry": 1320.5,
            "sl": 1291.9000244140625,
            "target": 1346.91
        }
    ],
    "usa": [
        {
            "ticker": "AAPL",
            "entry": 333.2699890136719,
            "sl": 325.7200012207031,
            "target": 339.9353887939453
        }
    ]
}