{
    "india": [],
    "usa": [
        {
            "ticker": "AAPL",
            "entry": 308.2149963378906,
            "sl": 292.70001220703125,
            "target": 314.3792962646484
        }
    ]
}